Группа,Услуга,Код,Москва,Санкт-Петербург,Республика Адыгея,Республика Башкортостан,Республика Бурятия,Республика Алтай,Республика Дагестан,Республика Ингушетия,Респ. Кабардино-Балкарская,Республика Калмыкия,Респ. Карачаево-Черкесская,Республика Карелия,Республика Коми,Республика Марий Эл,Республика Мордовия,Республика Саха (Якутия),Северная Осетия - Алания,Республика Татарстан,Республика Тыва,Удмуртская Республика,Республика Хакасия,Республика Чечня,Республика Чувашия,Алтайский край,Краснодарский край,Красноярский край,Приморский край,Ставропольский край,Хабаровский край,Амурская обл.,Архангельская обл.,Астраханская обл.,Белгородская обл.,Брянская обл.,Владимирская обл.,Волгоградская обл.,Вологодская обл.,Воронежская обл.,Ивановская обл.,Иркутская обл.,Калининградская обл.,Калужская обл.,Камчатский край,Кемеровская обл.,Кировская обл.,Костромская обл.,Курганская обл.,Курская обл.,Ленинградская обл.,Липецкая обл.,Магаданская обл.,Московская обл.,Мурманская обл.,Нижегородская обл.,Новгородская обл.,Новосибирская обл.,Омская обл.,Оренбургская обл.,Орловская обл.,Пензенская обл.,Пермский край,Псковская обл.,Ростовская обл.,Рязанская обл.,Самарская обл.,Тольятти,Саратовская обл.,Сахалинская обл.,Свердловская обл.,Смоленская обл.,Тамбовская обл.,Тверская обл.,Томская обл.,Тульская обл.,Тюменская обл.,Ульяновская обл.,Челябинская обл.,Забайкальский край,Ярославская обл.,Еврейская АО,Ненецкий АО,Ханты-Мансийский АО,Чукотский АО,Ямало-Ненецкий АО,Запорожская обл.,Республика Крым,Севастополь,Донецкая нар. респ.,Луганская нар. респ.,Херсонская обл.
Базовые возможности,Уведомления,SMS100,900,900,900,900,900,900,900,900,900,900,900,900,900,900,900,900,900,900,900,900,900,900,900,900,900,900,900,900,900,900,900,900,900,900,900,900,900,900,900,900,900,900,900,900,900,900,900,900,900,900,900,900,900,900,900,900,900,900,900,900,900,900,900,900,900,900,900,900,900,900,900,900,900,900,900,900,900,900,900,900,900,900,900,900,900,900,900,900,900,900
Базовые возможности,Уведомления,SMSExt,3 500,3 500,3 500,3 500,3 500,3 500,3 500,3 500,3 500,3 500,3 500,3 500,3 500,3 500,3 500,3 500,3 500,3 500,3 500,3 500,3 500,3 500,3 500,3 500,3 500,3 500,3 500,3 500,3 500,3 500,3 500,3 500,3 500,3 500,3 500,3 500,3 500,3 500,3 500,3 500,3 500,3 500,3 500,3 500,3 500,3 500,3 500,3 500,3 500,3 500,3 500,3 500,3 500,3 500,3 500,3 500,3 500,3 500,3 500,3 500,3 500,3 500,3 500,3 500,3 500,3 500,3 500,3 500,3 500,3 500,3 500,3 500,3 500,3 500,3 500,3 500,3 500,3 500,3 500,3 500,3 500,3 500,3 500,3 500,3 500,3 500,3 500,3 500,3 500,3 500
Базовые возможности,Уведомления,SMSExt2,6 800,6 800,6 800,6 800,6 800,6 800,6 800,6 800,6 800,6 800,6 800,6 800,6 800,6 800,6 800,6 800,6 800,6 800,6 800,6 800,6 800,6 800,6 800,6 800,6 800,6 800,6 800,6 800,6 800,6 800,6 800,6 800,6 800,6 800,6 800,6 800,6 800,6 800,6 800,6 800,6 800,6 800,6 800,6 800,6 800,6 800,6 800,6 800,6 800,6 800,6 800,6 800,6 800,6 800,6 800,6 800,6 800,6 800,6 800,6 800,6 800,6 800,6 800,6 800,6 800,6 800,6 800,6 800,6 800,6 800,6 800,6 800,6 800,6 800,6 800,6 800,6 800,6 800,6 800,6 800,6 800,6 800,6 800,6 800,6 800,6 800,6 800,6 800,6 800,6 800
Базовые возможности,Уведомления,SMSExt3,120 000,120 000,120 000,120 000,120 000,120 000,120 000,120 000,120 000,120 000,120 000,120 000,120 000,120 000,120 000,120 000,120 000,120 000,120 000,120 000,120 000,120 000,120 000,120 000,120 000,120 000,120 000,120 000,120 000,120 000,120 000,120 000,120 000,120 000,120 000,120 000,120 000,120 000,120 000,120 000,120 000,120 000,120 000,120 000,120 000,120 000,120 000,120 000,120 000,120 000,120 000,120 000,120 000,120 000,120 000,120 000,120 000,120 000,120 000,120 000,120 000,120 000,120 000,120 000,120 000,120 000,120 000,120 000,120 000,120 000,120 000,120 000,120 000,120 000,120 000,120 000,120 000,120 000,120 000,120 000,120 000,120 000,120 000,120 000,120 000,120 000,120 000,120 000,120 000,120 000
Онлайн-кассы и ОФД,Смс по чекам,Int_ofd1C,2 500,2 500,2 500,2 500,2 500,2 500,2 500,2 500,2 500,2 500,2 500,2 500,2 500,2 500,2 500,2 500,2 500,2 500,2 500,2 500,2 500,2 500,2 500,2 500,2 500,2 500,2 500,2 500,2 500,2 500,2 500,2 500,2 500,2 500,2 500,2 500,2 500,2 500,2 500,2 500,2 500,2 500,2 500,2 500,2 500,2 500,2 500,2 500,2 500,2 500,2 500,2 500,2 500,2 500,2 500,2 500,2 500,2 500,2 500,2 500,2 500,2 500,2 500,2 500,2 500,2 500,2 500,2 500,2 500,2 500,2 500,2 500,2 500,2 500,2 500,2 500,2 500,2 500,2 500,2 500,2 500,2 500,2 500,2 500,2 500,2 500,2 500,2 500,2 500,2 500
Онлайн-кассы и ОФД,Цена 1 ККТ,OFD_KEY15,5 000,5 000,5 000,5 000,5 000,5 000,5 000,5 000,5 000,5 000,5 000,5 000,5 000,5 000,5 000,5 000,5 000,5 000,5 000,5 000,5 000,5 000,5 000,5 000,5 000,5 000,5 000,5 000,5 000,5 000,5 000,5 000,5 000,5 000,5 000,5 000,5 000,5 000,5 000,5 000,5 000,5 000,5 000,5 000,5 000,5 000,5 000,5 000,5 000,5 000,5 000,5 000,5 000,5 000,5 000,5 000,5 000,5 000,5 000,5 000,5 000,5 000,5 000,5 000,5 000,5 000,5 000,5 000,5 000,5 000,5 000,5 000,5 000,5 000,5 000,5 000,5 000,5 000,5 000,5 000,5 000,5 000,5 000,5 000,5 000,5 000,5 000,5 000,5 000,5 000
Онлайн-кассы и ОФД,Цена 1 ККТ,OFD_KEY36,12 000,12 000,12 000,12 000,12 000,12 000,12 000,12 000,12 000,12 000,12 000,12 000,12 000,12 000,12 000,12 000,12 000,12 000,12 000,12 000,12 000,12 000,12 000,12 000,12 000,12 000,12 000,12 000,12 000,12 000,12 000,12 000,12 000,12 000,12 000,12 000,12 000,12 000,12 000,12 000,12 000,12 000,12 000,12 000,12 000,12 000,12 000,12 000,12 000,12 000,12 000,12 000,12 000,12 000,12 000,12 000,12 000,12 000,12 000,12 000,12 000,12 000,12 000,12 000,12 000,12 000,12 000,12 000,12 000,12 000,12 000,12 000,12 000,12 000,12 000,12 000,12 000,12 000,12 000,12 000,12 000,12 000,12 000,12 000,12 000,12 000,12 000,12 000,12 000,12 000
Онлайн-кассы и ОФД,Цена 1 ККТ,OFD_cash,1,1,1,1,1,1,1,1,1,1,1,1,1,1,1,1,1,1,1,1,1,1,1,1,1,1,1,1,1,1,1,1,1,1,1,1,1,1,1,1,1,1,1,1,1,1,1,1,1,1,1,1,1,1,1,1,1,1,1,1,1,1,1,1,1,1,1,1,1,1,1,1,1,1,1,1,1,1,1,1,1,1,1,1,1,1,1,1,1,1
Онлайн-кассы и ОФД,Цена 1 ККТ,OFD_day,22,22,22,22,22,22,22,22,22,22,22,22,22,22,22,22,22,22,22,22,22,22,22,22,22,22,22,22,22,22,22,22,22,22,22,22,22,22,22,22,22,22,22,22,22,22,22,22,22,22,22,22,22,22,22,22,22,22,22,22,22,22,22,22,22,22,22,22,22,22,22,22,22,22,22,22,22,22,22,22,22,22,22,22,22,22,22,22,22,22
